{
	"info": {
		"_postman_id": "1f42619e-0793-45fe-afbb-715d59af446c",
		"name": "JS-Cms",
		"schema": "https://schema.getpostman.com/json/collection/v2.1.0/collection.json"
	},
	"item": [
		{
			"name": "users",
			"item": [
				{
					"name": "All",
					"request": {
						"method": "GET",
						"header": [],
						"url": {
							"raw": "https://js-cms.iran.liara.run/api/users",
							"protocol": "https",
							"host": [
								"js-cms",
								"iran",
								"liara",
								"run"
							],
							"path": [
								"api",
								"users"
							]
						}
					},
					"response": []
				},
				{
					"name": "Create",
					"request": {
						"method": "POST",
						"header": [],
						"body": {
							"mode": "raw",
							"raw": "{\n    \"firstname\": \"FirstName\",\n    \"lastname\": \"LastName\",\n    \"username\": \"UserName\",\n    \"email\": \"Email\",\n    \"city\": \"City\",\n    \"age\": \"Age\"\n}",
							"options": {
								"raw": {
									"language": "json"
								}
							}
						},
						"url": {
							"raw": "https://js-cms.iran.liara.run/api/users",
							"protocol": "https",
							"host": [
								"js-cms",
								"iran",
								"liara",
								"run"
							],
							"path": [
								"api",
								"users"
							]
						}
					},
					"response": []
				},
				{
					"name": "Remove",
					"request": {
						"method": "DELETE",
						"header": [],
						"url": {
							"raw": "https://js-cms.iran.liara.run/api/users/:id",
							"protocol": "https",
							"host": [
								"js-cms",
								"iran",
								"liara",
								"run"
							],
							"path": [
								"api",
								"users",
								":id"
							],
							"variable": [
								{
									"key": "id",
									"value": ""
								}
							]
						}
					},
					"response": []
				}
			]
		},
		{
			"name": "courses",
			"item": [
				{
					"name": "All",
					"request": {
						"method": "GET",
						"header": [],
						"url": {
							"raw": "https://js-cms.iran.liara.run/api/courses",
							"protocol": "https",
							"host": [
								"js-cms",
								"iran",
								"liara",
								"run"
							],
							"path": [
								"api",
								"courses"
							]
						}
					},
					"response": []
				},
				{
					"name": "Create",
					"request": {
						"method": "POST",
						"header": [],
						"body": {
							"mode": "raw",
							"raw": "{\n    \"title\": \"title\",\n    \"price\": \"price\",\n    \"category\": \"category\",\n    \"registersCount\": \"registersCount\",\n    \"discount\": \"discount\",\n    \"desc\": \"desc\"\n}",
							"options": {
								"raw": {
									"language": "json"
								}
							}
						},
						"url": {
							"raw": "https://js-cms.iran.liara.run/api/courses",
							"protocol": "https",
							"host": [
								"js-cms",
								"iran",
								"liara",
								"run"
							],
							"path": [
								"api",
								"courses"
							]
						}
					},
					"response": []
				},
				{
					"name": "Remove",
					"request": {
						"method": "DELETE",
						"header": [],
						"url": {
							"raw": "https://js-cms.iran.liara.run/api/courses/:id",
							"protocol": "https",
							"host": [
								"js-cms",
								"iran",
								"liara",
								"run"
							],
							"path": [
								"api",
								"courses",
								":id"
							],
							"variable": [
								{
									"key": "id",
									"value": ""
								}
							]
						}
					},
					"response": []
				}
			]
		}
	]
}